"code","question"
"submitdate","Date de soumission"
"lastpage","Dernière page"
"startlanguage","Langue de départ"
"seed","Tête de série"
"token","Code"
"startdate","Date de lancement"
"datestamp","Date de la dernière action"
"tiragemodule","Module tiré"
"sexe","Êtes-vous... "
"age","Quel âge avez-vous ?"
"docto","En juin 2020, étiez-vous doctorant·e ?"
"statut","En juin 2020, quel était votre statut d’emploi principal ?"
"sitpro","Quelle était votre situation professionnelle principale ? "
"sitpro[other]","Quelle était votre situation professionnelle principale ?  [Autre]"
"rechpub","En juin 2020, étiez-vous affilié·e ou rattaché·e (à titre principal ou secondaire) à une institution de recherche publique ?"
"discipline","Quelle était votre discipline de recherche principale ? Merci de choisir parmi les sections CNU suivantes. Vous pouvez taper les premiers caractères ou le numéro pour lancer une recherche."
"bap","De quelle branche d’activité professionnelle dépendiez-vous ?"
"disciplineita","Êtes-vous proche d’une des disciplines suivantes ? Merci de choisir parmi les sections CNU. Vous pouvez taper les premiers caractères ou le numéro pour lancer une recherche. "
"employeur","En juin 2020, quel était votre employeur principal ?"
"employeur[other]","En juin 2020, quel était votre employeur principal ? [Autre]"
"tutelles[CNRS]","En juin 2020, quelles étaient les tutelles de votre laboratoire principal de rattachement (ou de l’unité ou l’équipe dans laquelle vous travailliez) ? [CNRS]"
"tutelles[Univ]","En juin 2020, quelles étaient les tutelles de votre laboratoire principal de rattachement (ou de l’unité ou l’équipe dans laquelle vous travailliez) ? [Une université]"
"tutelles[Ecole]","En juin 2020, quelles étaient les tutelles de votre laboratoire principal de rattachement (ou de l’unité ou l’équipe dans laquelle vous travailliez) ? [Une grande école ou un grand établissement]"
"tutelles[Inserm]","En juin 2020, quelles étaient les tutelles de votre laboratoire principal de rattachement (ou de l’unité ou l’équipe dans laquelle vous travailliez) ? [Inserm]"
"tutelles[Inrae]","En juin 2020, quelles étaient les tutelles de votre laboratoire principal de rattachement (ou de l’unité ou l’équipe dans laquelle vous travailliez) ? [Inrae]"
"tutelles[Inria]","En juin 2020, quelles étaient les tutelles de votre laboratoire principal de rattachement (ou de l’unité ou l’équipe dans laquelle vous travailliez) ? [Inria]"
"tutelles[IRD]","En juin 2020, quelles étaient les tutelles de votre laboratoire principal de rattachement (ou de l’unité ou l’équipe dans laquelle vous travailliez) ? [IRD]"
"tutelles[Ined]","En juin 2020, quelles étaient les tutelles de votre laboratoire principal de rattachement (ou de l’unité ou l’équipe dans laquelle vous travailliez) ? [Ined]"
"tutelles[CEA]","En juin 2020, quelles étaient les tutelles de votre laboratoire principal de rattachement (ou de l’unité ou l’équipe dans laquelle vous travailliez) ? [CEA]"
"tutelles[CNES]","En juin 2020, quelles étaient les tutelles de votre laboratoire principal de rattachement (ou de l’unité ou l’équipe dans laquelle vous travailliez) ? [CNES]"
"tutelles[ONERA]","En juin 2020, quelles étaient les tutelles de votre laboratoire principal de rattachement (ou de l’unité ou l’équipe dans laquelle vous travailliez) ? [ONERA]"
"tutelles[Cirad]","En juin 2020, quelles étaient les tutelles de votre laboratoire principal de rattachement (ou de l’unité ou l’équipe dans laquelle vous travailliez) ? [Cirad]"
"tutelles[Ifremer]","En juin 2020, quelles étaient les tutelles de votre laboratoire principal de rattachement (ou de l’unité ou l’équipe dans laquelle vous travailliez) ? [Ifremer]"
"tutelles[Pub]","En juin 2020, quelles étaient les tutelles de votre laboratoire principal de rattachement (ou de l’unité ou l’équipe dans laquelle vous travailliez) ? [Une autre institution publique]"
"tutelles[Entr]","En juin 2020, quelles étaient les tutelles de votre laboratoire principal de rattachement (ou de l’unité ou l’équipe dans laquelle vous travailliez) ? [Une entreprise]"
"tutelles[other]","En juin 2020, quelles étaient les tutelles de votre laboratoire principal de rattachement (ou de l’unité ou l’équipe dans laquelle vous travailliez) ? [Autre]"
"changclim","Pensez-vous que le climat de la planète est en train de changer (hausse des températures depuis une centaine d’années) ?"
"acthum","D’après vous, les activités humaines sont-elles la cause de ce changement climatique ? "
"preoccupe","Dans quelle mesure êtes-vous préoccupé·e par le changement climatique ? "
"pluspreoccupe","Etes-vous plus ou moins préoccupé·e qu’il y a 5 ans ?"
"recheco","Quel que soit votre domaine d’activité, participez-vous à des recherches ayant un lien avec l’écologie, l’environnement ou le climat ?"
"themrech[reoriente]","Avez-vous déjà :  [Réorienté vos recherches vers des thématiques plus en lien avec l’écologie, l’environnement ou le climat]"
"themrech[renonce]","Avez-vous déjà :  [Renoncé à des programmes/thématiques de recherche en raison de leur impact négatif sur l’environnement]"
"chgtpratique","Pensez-vous que l'urgence climatique exige des changements profonds dans la pratique de nos métiers ?"
"labopratiques[tri]","Dans votre laboratoire (ou dans l’unité ou l’équipe dans laquelle vous travaillez) : [Vous pouvez trier vos déchets papier]"
"labopratiques[train]","Dans votre laboratoire (ou dans l’unité ou l’équipe dans laquelle vous travaillez) : [Vous êtes encouragé·es à prendre le train plutôt que l’avion même si c’est plus cher ou plus long ]"
"labopratiques[charte]","Dans votre laboratoire (ou dans l’unité ou l’équipe dans laquelle vous travaillez) : [Il existe une charte, un groupe de travail ou un·e responsable désigné·e pour réduire l’empreinte écologique des activités de recherche]"
"labomesures[pots]","Dans votre laboratoire (ou dans l’unité ou l’équipe dans laquelle vous travaillez), des mesures collectives ont été mises en œuvre pour : [Limiter l’impact environnemental des pots et buffets (réduire les déchets plastiques, proposer des menus bio, locaux ou végétariens…)]"
"labomesures[dechets]","Dans votre laboratoire (ou dans l’unité ou l’équipe dans laquelle vous travaillez), des mesures collectives ont été mises en œuvre pour : [Limiter la production de déchets des expériences/expérimentations]"
"labomesures[donnees]","Dans votre laboratoire (ou dans l’unité ou l’équipe dans laquelle vous travaillez), des mesures collectives ont été mises en œuvre pour : [Réduire les émissions de gaz à effet de serre liées aux missions d’observation ou de collecte de données]"
"labomesures[serveurs]","Dans votre laboratoire (ou dans l’unité ou l’équipe dans laquelle vous travaillez), des mesures collectives ont été mises en œuvre pour : [Réduire la consommation électrique des serveurs (stockage, calcul…)]"
"individupratiques[ordi]","À titre individuel, quand c’est techniquement possible :  [Éteignez-vous ou mettez-vous en veille l'ordinateur que vous utilisez au travail quand vous quittez le bureau le soir ?]"
"individupratiques[chauffage]","À titre individuel, quand c’est techniquement possible :  [Durant l’hiver, baissez-vous le chauffage de votre bureau hors de vos horaires de travail ?]"
"individupratiques[piecesjointes]","À titre individuel, quand c’est techniquement possible :  [Limitez-vous l’envoi de pièces jointes volumineuses dans vos courriels ?]"
"individupratiques[rectoverso]","À titre individuel, quand c’est techniquement possible :  [Imprimez-vous en recto-verso ?]"
"ordis[partage_nb]","Pour votre travail, vous utilisez (laissez vides les cases qui ne vous concernent pas ou qui seraient à 0) :  [Ordinateurs partagés au laboratoire][Nombre]"
"ordis[partage_5ans]","Pour votre travail, vous utilisez (laissez vides les cases qui ne vous concernent pas ou qui seraient à 0) :  [Ordinateurs partagés au laboratoire][Combien ont moins de 5 ans ?]"
"ordis[partage_indisp]","Pour votre travail, vous utilisez (laissez vides les cases qui ne vous concernent pas ou qui seraient à 0) :  [Ordinateurs partagés au laboratoire][Combien vous semblent indispensables ?]"
"ordis[fixepro_nb]","Pour votre travail, vous utilisez (laissez vides les cases qui ne vous concernent pas ou qui seraient à 0) :  [Ordinateurs fixes individuels achetés avec des financements professionnels  ][Nombre]"
"ordis[fixepro_5ans]","Pour votre travail, vous utilisez (laissez vides les cases qui ne vous concernent pas ou qui seraient à 0) :  [Ordinateurs fixes individuels achetés avec des financements professionnels  ][Combien ont moins de 5 ans ?]"
"ordis[fixepro_indisp]","Pour votre travail, vous utilisez (laissez vides les cases qui ne vous concernent pas ou qui seraient à 0) :  [Ordinateurs fixes individuels achetés avec des financements professionnels  ][Combien vous semblent indispensables ?]"
"ordis[fixeperso_nb]","Pour votre travail, vous utilisez (laissez vides les cases qui ne vous concernent pas ou qui seraient à 0) :  [Ordinateurs fixes individuels achetés par vous][Nombre]"
"ordis[fixeperso_5ans]","Pour votre travail, vous utilisez (laissez vides les cases qui ne vous concernent pas ou qui seraient à 0) :  [Ordinateurs fixes individuels achetés par vous][Combien ont moins de 5 ans ?]"
"ordis[fixeperso_indisp]","Pour votre travail, vous utilisez (laissez vides les cases qui ne vous concernent pas ou qui seraient à 0) :  [Ordinateurs fixes individuels achetés par vous][Combien vous semblent indispensables ?]"
"ordis[portablepro_nb]","Pour votre travail, vous utilisez (laissez vides les cases qui ne vous concernent pas ou qui seraient à 0) :  [Ordinateurs portables individuels achetés avec des financements professionnels  ][Nombre]"
"ordis[portablepro_5ans]","Pour votre travail, vous utilisez (laissez vides les cases qui ne vous concernent pas ou qui seraient à 0) :  [Ordinateurs portables individuels achetés avec des financements professionnels  ][Combien ont moins de 5 ans ?]"
"ordis[portablepro_indisp]","Pour votre travail, vous utilisez (laissez vides les cases qui ne vous concernent pas ou qui seraient à 0) :  [Ordinateurs portables individuels achetés avec des financements professionnels  ][Combien vous semblent indispensables ?]"
"ordis[portableperso_nb]","Pour votre travail, vous utilisez (laissez vides les cases qui ne vous concernent pas ou qui seraient à 0) :  [Ordinateurs portables individuels achetés par vous][Nombre]"
"ordis[portableperso_5ans]","Pour votre travail, vous utilisez (laissez vides les cases qui ne vous concernent pas ou qui seraient à 0) :  [Ordinateurs portables individuels achetés par vous][Combien ont moins de 5 ans ?]"
"ordis[portableperso_indisp]","Pour votre travail, vous utilisez (laissez vides les cases qui ne vous concernent pas ou qui seraient à 0) :  [Ordinateurs portables individuels achetés par vous][Combien vous semblent indispensables ?]"
"ordis[tablettepro_nb]","Pour votre travail, vous utilisez (laissez vides les cases qui ne vous concernent pas ou qui seraient à 0) :  [Tablettes achetées avec des financements professionnels][Nombre]"
"ordis[tablettepro_5ans]","Pour votre travail, vous utilisez (laissez vides les cases qui ne vous concernent pas ou qui seraient à 0) :  [Tablettes achetées avec des financements professionnels][Combien ont moins de 5 ans ?]"
"ordis[tablettepro_indisp]","Pour votre travail, vous utilisez (laissez vides les cases qui ne vous concernent pas ou qui seraient à 0) :  [Tablettes achetées avec des financements professionnels][Combien vous semblent indispensables ?]"
"ordis[tabletteperso_nb]","Pour votre travail, vous utilisez (laissez vides les cases qui ne vous concernent pas ou qui seraient à 0) :  [Tablettes achetées par vous][Nombre]"
"ordis[tabletteperso_5ans]","Pour votre travail, vous utilisez (laissez vides les cases qui ne vous concernent pas ou qui seraient à 0) :  [Tablettes achetées par vous][Combien ont moins de 5 ans ?]"
"ordis[tabletteperso_indisp]","Pour votre travail, vous utilisez (laissez vides les cases qui ne vous concernent pas ou qui seraient à 0) :  [Tablettes achetées par vous][Combien vous semblent indispensables ?]"
"chgtordi[jamais]","La dernière fois que vous avez changé d’ordinateur à usage professionnel, pour quelles raisons l’avez-vous fait ? [Je n’ai jamais changé mon ordinateur à usage professionnel]"
"chgtordi[contrat]","La dernière fois que vous avez changé d’ordinateur à usage professionnel, pour quelles raisons l’avez-vous fait ? [J’ai eu un nouveau contrat de travail]"
"chgtordi[vole]","La dernière fois que vous avez changé d’ordinateur à usage professionnel, pour quelles raisons l’avez-vous fait ? [On me l’a volé, je l’ai perdu]"
"chgtordi[fctplus]","La dernière fois que vous avez changé d’ordinateur à usage professionnel, pour quelles raisons l’avez-vous fait ? [Il ne fonctionnait plus du tout]"
"chgtordi[fctplusbien]","La dernière fois que vous avez changé d’ordinateur à usage professionnel, pour quelles raisons l’avez-vous fait ? [Il ne fonctionnait plus très bien]"
"chgtordi[puissant]","La dernière fois que vous avez changé d’ordinateur à usage professionnel, pour quelles raisons l’avez-vous fait ? [Il n’était pas assez puissant]"
"chgtordi[misajour]","La dernière fois que vous avez changé d’ordinateur à usage professionnel, pour quelles raisons l’avez-vous fait ? [Il ne pouvait plus être mis à jour]"
"chgtordi[neuf]","La dernière fois que vous avez changé d’ordinateur à usage professionnel, pour quelles raisons l’avez-vous fait ? [J’en voulais un neuf]"
"chgtordi[mieux]","La dernière fois que vous avez changé d’ordinateur à usage professionnel, pour quelles raisons l’avez-vous fait ? [J’en voulais un mieux (meilleure autonomie, écran, etc.)]"
"chgtordi[propose]","La dernière fois que vous avez changé d’ordinateur à usage professionnel, pour quelles raisons l’avez-vous fait ? [On me l’a proposé/j’en avais l’opportunité]"
"chgtordi[oblige]","La dernière fois que vous avez changé d’ordinateur à usage professionnel, pour quelles raisons l’avez-vous fait ? [On m’y a obligé]"
"chgtordi[autre]","La dernière fois que vous avez changé d’ordinateur à usage professionnel, pour quelles raisons l’avez-vous fait ? [Autre]"
"reliquat[avion]","Au cours des 5 dernières années, vous est-il arrivé, pour terminer un reliquat de budget, de réaliser les dépenses suivantes alors qu’elles n’étaient pas vraiment indispensables (pour vous ou d’autres personnes) ?  [Financement de déplacements en avion]"
"reliquat[ordi]","Au cours des 5 dernières années, vous est-il arrivé, pour terminer un reliquat de budget, de réaliser les dépenses suivantes alors qu’elles n’étaient pas vraiment indispensables (pour vous ou d’autres personnes) ?  [Achat d’ordinateurs, écrans ou tablettes]"
"materiel[tgir]","Utilisez-vous régulièrement les équipements suivants pour réaliser vos expériences et observations scientifiques ? [De très grandes infrastructures de recherche mutualisées, nécessitant beaucoup d’énergie (synchrotron, radiotélescope, navire océanographique, aéronef, etc.)]"
"materiel[info]","Utilisez-vous régulièrement les équipements suivants pour réaliser vos expériences et observations scientifiques ? [De grands dispositifs informatiques (supercalculateur ou data center)]"
"materiel[extensif]","Utilisez-vous régulièrement les équipements suivants pour réaliser vos expériences et observations scientifiques ? [Des dispositifs expérimentaux extensifs hors laboratoire (champs, serres, fermes, etc.)]"
"materiel[trescouteux]","Utilisez-vous régulièrement les équipements suivants pour réaliser vos expériences et observations scientifiques ? [De grands équipements très coûteux (IRM, microscope à balayage, peigne de fréquences optiques, animalerie, etc.)]"
"materiel[couteux]","Utilisez-vous régulièrement les équipements suivants pour réaliser vos expériences et observations scientifiques ? [Des équipements coûteux (oscilloscope, centrifugeuse, hotte, congélateur, etc.)]"
"materiel[petit]","Utilisez-vous régulièrement les équipements suivants pour réaliser vos expériences et observations scientifiques ? [Du petit matériel de laboratoire (verrerie, petit électronique, etc.)]"
"materiel[aucun]","Utilisez-vous régulièrement les équipements suivants pour réaliser vos expériences et observations scientifiques ? [Aucun de ces équipements]"
"solevolges[conf]","Au cours des 5 dernières années, sans tenir compte de la période depuis le premier confinement, diriez-vous que, dans les domaines suivants, vos émissions de gaz à effet de serre ont...  [Les vols en avion pour les conférences, réunions, congrès]"
"solevolges[donnees]","Au cours des 5 dernières années, sans tenir compte de la période depuis le premier confinement, diriez-vous que, dans les domaines suivants, vos émissions de gaz à effet de serre ont...  [Les déplacements pour missions de terrain, d’observation ou de collecte de données (en avion, voiture ou bateau)]"
"solevolges[expe]","Au cours des 5 dernières années, sans tenir compte de la période depuis le premier confinement, diriez-vous que, dans les domaines suivants, vos émissions de gaz à effet de serre ont...  [Les expériences et observations scientifiques (hors déplacements)]"
"solevolges[info]","Au cours des 5 dernières années, sans tenir compte de la période depuis le premier confinement, diriez-vous que, dans les domaines suivants, vos émissions de gaz à effet de serre ont...  [L’équipement en postes informatiques et sa fréquence de renouvellement]"
"solevolges[domicile]","Au cours des 5 dernières années, sans tenir compte de la période depuis le premier confinement, diriez-vous que, dans les domaines suivants, vos émissions de gaz à effet de serre ont...  [Les déplacements domicile-travail en voiture, moto, scooter ou avion]"
"volsnb","Pour l’année 2019 (du 1er janvier au 31 décembre), combien de vols aller-retour en avion avez-vous réalisés environ dans le cadre professionnel hors trajets domicile-travail ? Pour un aller simple, indiquez 0,5 allers-retours. "
"volsh","Pour environ combien d’heures de vol au total ? "
"vols2ans","Au cours des deux années précédentes (2017 et 2018), avec-vous pris au moins une fois l’avion dans le cadre professionnel hors trajets domicile-travail ?"
"volstexte","Si vous avez pris l'avion en 2019 (sinon, passez à la question suivante), merci de décrire dans le tableau suivant vos 5 premiers vols aller-retour en avion de l’année 2019, en regroupant ceux faits plusieurs fois pour des motifs proches. Indiquez les noms français des villes (ex : Londres plutôt que London), en utilisant quand c’est possible les propositions qui s’affichent (ces noms nous serviront à calculer la distance du vol). Pour un aller simple, indiquez 0,5 allers-retours. "
"volstextevide",
"volstextedepart","Ville de départ(décollage)"
"volstextearrivee","Ville d'arrivée(atterrissage final)"
"volstextejours","Nombre de jourstravaillés sur place"
"volstextemotif","Motif principaldu déplacement"
"volstextemotifsec","Motif secondairedu déplacement(éventuellement)"
"volstextenb","Nombre d'allers-retourseffectués "
"volstitre1","Trajet 1"
"volsdepart1",
"volsarrivee1",
"volsjours1",
"volsmotif1",
"volsmotifsec1",
"volsnb1",
"volstexte2","Trajet 2"
"volsdepart2",
"volsarrivee2",
"volsjours2",
"volsmotif2",
"volsmotifsec2",
"volsnb2",
"volstexte3","Trajet 3"
"volsdepart3",
"volsarrivee3",
"volsjours3",
"volsmotif3",
"volsmotifsec3",
"volsnb3",
"volstexte4","Trajet 4"
"volsdepart4",
"volsarrivee4",
"volsjours4",
"volsmotif4",
"volsmotifsec4",
"volsnb4",
"volstexte5","Trajet 5"
"volsdepart5",
"volsarrivee5",
"volsjours5",
"volsmotif5",
"volsmotifsec5",
"volsnb5",
"volspremium","Parmi ces vols, quelle proportion avez-vous réalisée en classe premium, affaires ou business ?"
"aviontrain","En 2019, avez-vous pris l’avion pour un trajet professionnel qui prend moins de 6 heures en train (hors déplacements domicile-travail) ?"
"aviontrainraisons[rapide]","Pour quelles raisons principales prenez-vous l’avion dans ces cas-là ? [L’avion est plus rapide]"
"aviontrainraisons[cher]","Pour quelles raisons principales prenez-vous l’avion dans ces cas-là ? [L’avion est moins cher]"
"aviontrainraisons[pratique]","Pour quelles raisons principales prenez-vous l’avion dans ces cas-là ? [L’avion est plus pratique]"
"aviontrainraisons[aime]","Pour quelles raisons principales prenez-vous l’avion dans ces cas-là ? [J’aime prendre l’avion]"
"aviontrainraisons[nuit]","Pour quelles raisons principales prenez-vous l’avion dans ces cas-là ? [L’avion permet d’éviter une nuit sur place]"
"aviontrainraisons[admin]","Pour quelles raisons principales prenez-vous l’avion dans ces cas-là ? [Des règles administratives m’incitent à prendre l’avion]"
"aviontrainraisons[miles]","Pour quelles raisons principales prenez-vous l’avion dans ces cas-là ? [Cela me permet de cumuler des miles]"
"aviontrainraisons[paspose]","Pour quelles raisons principales prenez-vous l’avion dans ces cas-là ? [Je ne me suis pas posé la question]"
"aviontrainraisons[other]","Pour quelles raisons principales prenez-vous l’avion dans ces cas-là ? [Autre]"
"trainavion","Au cours des 5 dernières années, avez-vous, pour des raisons environnementales, pris le train plutôt que l’avion dans le cadre professionnel alors que le trajet était plus long ?"
"conf","Avez-vous déjà participé à un colloque/une conférence à l’étranger ?"
"conffois","Combien de fois environ dans les 5 dernières années ? "
"apportconf[travaux]","Le dernier événement de ce type auquel vous avez participé vous a-t-il permis : [D’avancer dans votre travail (commentaires/échanges)]"
"apportconf[reseaux]","Le dernier événement de ce type auquel vous avez participé vous a-t-il permis : [De développer/entretenir vos réseaux internationaux]"
"apportconf[collegues]","Le dernier événement de ce type auquel vous avez participé vous a-t-il permis : [D’entretenir/renforcer des liens professionnels ou amicaux avec des collègues qui travaillent en France]"
"apportconf[cv]","Le dernier événement de ce type auquel vous avez participé vous a-t-il permis : [D’améliorer votre CV]"
"apportconf[tourisme]","Le dernier événement de ce type auquel vous avez participé vous a-t-il permis : [De visiter, de faire du tourisme]"
"renoncedep[prive]","En 2019, avez-vous renoncé à un ou plusieurs déplacements professionnels à l’étranger (y compris décidé de ne pas candidater à une conférence) pour les raisons suivantes ? [Un conflit avec des engagements privés (famille, rendez-vous...)]"
"renoncedep[pro]","En 2019, avez-vous renoncé à un ou plusieurs déplacements professionnels à l’étranger (y compris décidé de ne pas candidater à une conférence) pour les raisons suivantes ? [Un conflit avec d'autres engagements professionnels]"
"renoncedep[confort]","En 2019, avez-vous renoncé à un ou plusieurs déplacements professionnels à l’étranger (y compris décidé de ne pas candidater à une conférence) pour les raisons suivantes ? [Des raisons de confort et de santé (durée du trajet, décalage horaire, fatigue...)]"
"renoncedep[env]","En 2019, avez-vous renoncé à un ou plusieurs déplacements professionnels à l’étranger (y compris décidé de ne pas candidater à une conférence) pour les raisons suivantes ? [Des considérations environnementales]"
"renoncedep[mission]","En 2019, avez-vous renoncé à un ou plusieurs déplacements professionnels à l’étranger (y compris décidé de ne pas candidater à une conférence) pour les raisons suivantes ? [Des difficultés à financer la mission]"
"renoncedep[visio]","En 2019, avez-vous renoncé à un ou plusieurs déplacements professionnels à l’étranger (y compris décidé de ne pas candidater à une conférence) pour les raisons suivantes ? [La possibilité de remplacer le voyage par la visioconférence]"
"joursdomicile","En temps normal (avant le confinement), combien de jours en moyenne travaillez-vous uniquement de chez vous ? Ne tenez pas compte des éventuels jours travaillés le week-end."
"textedomtrav","Parlons de vos trajets domicile-travail, en temps normal (avant le confinement)."
"tpsdomtrav[urbain_h]","Avant le confinement, combien de temps passiez-vous en moyenne par semaine dans les  transports suivants pour vos déplacements domicile-travail ? Indiquez la somme de tous les trajets pour aller et revenir du travail, y compris les trajets longue distance. Laissez vides les cases qui ne vous concernent pas ou qui seraient à 0. [Bus, métro, tramway, RER][heures par semaine]"
"tpsdomtrav[urbain_m]","Avant le confinement, combien de temps passiez-vous en moyenne par semaine dans les  transports suivants pour vos déplacements domicile-travail ? Indiquez la somme de tous les trajets pour aller et revenir du travail, y compris les trajets longue distance. Laissez vides les cases qui ne vous concernent pas ou qui seraient à 0. [Bus, métro, tramway, RER][minutes par semaine]"
"tpsdomtrav[tgv_h]","Avant le confinement, combien de temps passiez-vous en moyenne par semaine dans les  transports suivants pour vos déplacements domicile-travail ? Indiquez la somme de tous les trajets pour aller et revenir du travail, y compris les trajets longue distance. Laissez vides les cases qui ne vous concernent pas ou qui seraient à 0. [TGV][heures par semaine]"
"tpsdomtrav[tgv_m]","Avant le confinement, combien de temps passiez-vous en moyenne par semaine dans les  transports suivants pour vos déplacements domicile-travail ? Indiquez la somme de tous les trajets pour aller et revenir du travail, y compris les trajets longue distance. Laissez vides les cases qui ne vous concernent pas ou qui seraient à 0. [TGV][minutes par semaine]"
"tpsdomtrav[train_h]","Avant le confinement, combien de temps passiez-vous en moyenne par semaine dans les  transports suivants pour vos déplacements domicile-travail ? Indiquez la somme de tous les trajets pour aller et revenir du travail, y compris les trajets longue distance. Laissez vides les cases qui ne vous concernent pas ou qui seraient à 0. [Autres trains][heures par semaine]"
"tpsdomtrav[train_m]","Avant le confinement, combien de temps passiez-vous en moyenne par semaine dans les  transports suivants pour vos déplacements domicile-travail ? Indiquez la somme de tous les trajets pour aller et revenir du travail, y compris les trajets longue distance. Laissez vides les cases qui ne vous concernent pas ou qui seraient à 0. [Autres trains][minutes par semaine]"
"tpsdomtrav[voit_h]","Avant le confinement, combien de temps passiez-vous en moyenne par semaine dans les  transports suivants pour vos déplacements domicile-travail ? Indiquez la somme de tous les trajets pour aller et revenir du travail, y compris les trajets longue distance. Laissez vides les cases qui ne vous concernent pas ou qui seraient à 0. [Seul·e dans une voiture][heures par semaine]"
"tpsdomtrav[voit_m]","Avant le confinement, combien de temps passiez-vous en moyenne par semaine dans les  transports suivants pour vos déplacements domicile-travail ? Indiquez la somme de tous les trajets pour aller et revenir du travail, y compris les trajets longue distance. Laissez vides les cases qui ne vous concernent pas ou qui seraient à 0. [Seul·e dans une voiture][minutes par semaine]"
"tpsdomtrav[covoit_h]","Avant le confinement, combien de temps passiez-vous en moyenne par semaine dans les  transports suivants pour vos déplacements domicile-travail ? Indiquez la somme de tous les trajets pour aller et revenir du travail, y compris les trajets longue distance. Laissez vides les cases qui ne vous concernent pas ou qui seraient à 0. [À plusieurs dans une voiture][heures par semaine]"
"tpsdomtrav[covoit_m]","Avant le confinement, combien de temps passiez-vous en moyenne par semaine dans les  transports suivants pour vos déplacements domicile-travail ? Indiquez la somme de tous les trajets pour aller et revenir du travail, y compris les trajets longue distance. Laissez vides les cases qui ne vous concernent pas ou qui seraient à 0. [À plusieurs dans une voiture][minutes par semaine]"
"tpsdomtrav[moto_h]","Avant le confinement, combien de temps passiez-vous en moyenne par semaine dans les  transports suivants pour vos déplacements domicile-travail ? Indiquez la somme de tous les trajets pour aller et revenir du travail, y compris les trajets longue distance. Laissez vides les cases qui ne vous concernent pas ou qui seraient à 0. [Moto, scooter][heures par semaine]"
"tpsdomtrav[moto_m]","Avant le confinement, combien de temps passiez-vous en moyenne par semaine dans les  transports suivants pour vos déplacements domicile-travail ? Indiquez la somme de tous les trajets pour aller et revenir du travail, y compris les trajets longue distance. Laissez vides les cases qui ne vous concernent pas ou qui seraient à 0. [Moto, scooter][minutes par semaine]"
"tpsdomtrav[velo_h]","Avant le confinement, combien de temps passiez-vous en moyenne par semaine dans les  transports suivants pour vos déplacements domicile-travail ? Indiquez la somme de tous les trajets pour aller et revenir du travail, y compris les trajets longue distance. Laissez vides les cases qui ne vous concernent pas ou qui seraient à 0. [Vélo ou trottinette][heures par semaine]"
"tpsdomtrav[velo_m]","Avant le confinement, combien de temps passiez-vous en moyenne par semaine dans les  transports suivants pour vos déplacements domicile-travail ? Indiquez la somme de tous les trajets pour aller et revenir du travail, y compris les trajets longue distance. Laissez vides les cases qui ne vous concernent pas ou qui seraient à 0. [Vélo ou trottinette][minutes par semaine]"
"tpsdomtrav[marche_h]","Avant le confinement, combien de temps passiez-vous en moyenne par semaine dans les  transports suivants pour vos déplacements domicile-travail ? Indiquez la somme de tous les trajets pour aller et revenir du travail, y compris les trajets longue distance. Laissez vides les cases qui ne vous concernent pas ou qui seraient à 0. [Marche][heures par semaine]"
"tpsdomtrav[marche_m]","Avant le confinement, combien de temps passiez-vous en moyenne par semaine dans les  transports suivants pour vos déplacements domicile-travail ? Indiquez la somme de tous les trajets pour aller et revenir du travail, y compris les trajets longue distance. Laissez vides les cases qui ne vous concernent pas ou qui seraient à 0. [Marche][minutes par semaine]"
"tpsdomtrav[avion_h]","Avant le confinement, combien de temps passiez-vous en moyenne par semaine dans les  transports suivants pour vos déplacements domicile-travail ? Indiquez la somme de tous les trajets pour aller et revenir du travail, y compris les trajets longue distance. Laissez vides les cases qui ne vous concernent pas ou qui seraient à 0. [Avion][heures par semaine]"
"tpsdomtrav[avion_m]","Avant le confinement, combien de temps passiez-vous en moyenne par semaine dans les  transports suivants pour vos déplacements domicile-travail ? Indiquez la somme de tous les trajets pour aller et revenir du travail, y compris les trajets longue distance. Laissez vides les cases qui ne vous concernent pas ou qui seraient à 0. [Avion][minutes par semaine]"
"covoitpqpas[flex]","Pour les trajets que vous réalisez seul·e dans votre voiture, pourquoi ne faites-vous pas du covoiturage ? [Je tiens à la flexibilité de mes horaires]"
"covoitpqpas[atypique]","Pour les trajets que vous réalisez seul·e dans votre voiture, pourquoi ne faites-vous pas du covoiturage ? [J’ai des horaires trop atypiques ou trop irréguliers]"
"covoitpqpas[orga]","Pour les trajets que vous réalisez seul·e dans votre voiture, pourquoi ne faites-vous pas du covoiturage ? [Cela demande trop d’organisation]"
"covoitpqpas[ecole]","Pour les trajets que vous réalisez seul·e dans votre voiture, pourquoi ne faites-vous pas du covoiturage ? [Je dois déposer les enfants à l’école]"
"covoitpqpas[personne]","Pour les trajets que vous réalisez seul·e dans votre voiture, pourquoi ne faites-vous pas du covoiturage ? [Je n’ai trouvé personne avec un trajet et des horaires proches]"
"covoitpqpas[fiabilite]","Pour les trajets que vous réalisez seul·e dans votre voiture, pourquoi ne faites-vous pas du covoiturage ? [J’ai peur du manque de fiabilité des autres]"
"covoitpqpas[entente]","Pour les trajets que vous réalisez seul·e dans votre voiture, pourquoi ne faites-vous pas du covoiturage ? [Je crains de covoiturer avec quelqu’un avec qui je ne m’entends pas]"
"covoitpqpas[court]","Pour les trajets que vous réalisez seul·e dans votre voiture, pourquoi ne faites-vous pas du covoiturage ? [Le trajet est trop court]"
"covoitpqpas[trouver]","Pour les trajets que vous réalisez seul·e dans votre voiture, pourquoi ne faites-vous pas du covoiturage ? [Je ne sais pas comment trouver un·e covoitureur·se]"
"covoitpqpas[other]","Pour les trajets que vous réalisez seul·e dans votre voiture, pourquoi ne faites-vous pas du covoiturage ? [Autre]"
"covoitqui","Avec qui réalisez-vous généralement les trajets en voiture à plusieurs ?"
"visioavtconf","Avant le confinement quel était votre usage habituel de la visioconférence ou de l’audioconférence dans le cadre professionnel ? "
"visiopdtconf","Pendant le confinement quel a été votre usage de la visioconférence ou de l’audioconférence dans le cadre professionnel ? "
"visiousages[reunion5]","Actuellement, d’après votre expérience, pour quels usages la visioconférence ou l’audioconférence vous semblent-elles adaptées ?  [Réunion de travail de 3 à 5 personnes]"
"visiousages[reunion15]","Actuellement, d’après votre expérience, pour quels usages la visioconférence ou l’audioconférence vous semblent-elles adaptées ?  [Réunion de travail de 15 personnes]"
"visiousages[jury]","Actuellement, d’après votre expérience, pour quels usages la visioconférence ou l’audioconférence vous semblent-elles adaptées ?  [Oral de jury (recrutement, thèse, HDR…)]"
"visiousages[seminaire]","Actuellement, d’après votre expérience, pour quels usages la visioconférence ou l’audioconférence vous semblent-elles adaptées ?  [Présentation en séminaire]"
"visiousages[conf]","Actuellement, d’après votre expérience, pour quels usages la visioconférence ou l’audioconférence vous semblent-elles adaptées ?  [Conférence ou congrès avec plusieurs présentations]"
"visioapresconf","Depuis le confinement, votre expérience vous a-t-elle rendu·e plus favorable ou moins favorable à la visioconférence ou l’audioconférence ? "
"visioprivilegiee[temps]","Imaginons une réunion d’une journée, située à 2h de votre domicile en voiture. Les raisons suivantes pourraient-elles vous pousser à privilégier la visioconférence ou l’audioconférence à un déplacement ? Si vous ne conduisez pas, supposez qu’un·e collègue vous emmène.  [Gagner du temps]"
"visioprivilegiee[fatigue]","Imaginons une réunion d’une journée, située à 2h de votre domicile en voiture. Les raisons suivantes pourraient-elles vous pousser à privilégier la visioconférence ou l’audioconférence à un déplacement ? Si vous ne conduisez pas, supposez qu’un·e collègue vous emmène.  [Limiter la fatigue due au déplacement]"
"visioprivilegiee[frais]","Imaginons une réunion d’une journée, située à 2h de votre domicile en voiture. Les raisons suivantes pourraient-elles vous pousser à privilégier la visioconférence ou l’audioconférence à un déplacement ? Si vous ne conduisez pas, supposez qu’un·e collègue vous emmène.  [Limiter les frais de mission]"
"visioprivilegiee[famille]","Imaginons une réunion d’une journée, située à 2h de votre domicile en voiture. Les raisons suivantes pourraient-elles vous pousser à privilégier la visioconférence ou l’audioconférence à un déplacement ? Si vous ne conduisez pas, supposez qu’un·e collègue vous emmène.  [Mieux concilier vos contraintes familiales et votre activité professionnelle]"
"visioprivilegiee[emissions]","Imaginons une réunion d’une journée, située à 2h de votre domicile en voiture. Les raisons suivantes pourraient-elles vous pousser à privilégier la visioconférence ou l’audioconférence à un déplacement ? Si vous ne conduisez pas, supposez qu’un·e collègue vous emmène.  [Limiter vos émissions de gaz à effet de serre]"
"visioprivilegiee[autrechose]","Imaginons une réunion d’une journée, située à 2h de votre domicile en voiture. Les raisons suivantes pourraient-elles vous pousser à privilégier la visioconférence ou l’audioconférence à un déplacement ? Si vous ne conduisez pas, supposez qu’un·e collègue vous emmène.  [Pouvoir faire autre chose en même temps que la réunion]"
"visioprivilegiee[reunir]","Imaginons une réunion d’une journée, située à 2h de votre domicile en voiture. Les raisons suivantes pourraient-elles vous pousser à privilégier la visioconférence ou l’audioconférence à un déplacement ? Si vous ne conduisez pas, supposez qu’un·e collègue vous emmène.  [Réunir facilement de nombreuses personnes très éloignées géographiquement]"
"visiopb[technique]","Imaginons toujours une réunion d’une journée, située à 2h de votre domicile en voiture. Les problèmes suivants pourraient-ils vous empêcher de privilégier la visioconférence ou l’audioconférence à un déplacement ? Si vous ne conduisez pas, supposez qu’un·e collègue vous emmène.  [Cela génère des problèmes techniques]"
"visiopb[relation]","Imaginons toujours une réunion d’une journée, située à 2h de votre domicile en voiture. Les problèmes suivants pourraient-ils vous empêcher de privilégier la visioconférence ou l’audioconférence à un déplacement ? Si vous ne conduisez pas, supposez qu’un·e collègue vous emmène.  [Cela limite les aspects relationnels]"
"visiopb[ecrire]","Imaginons toujours une réunion d’une journée, située à 2h de votre domicile en voiture. Les problèmes suivants pourraient-ils vous empêcher de privilégier la visioconférence ou l’audioconférence à un déplacement ? Si vous ne conduisez pas, supposez qu’un·e collègue vous emmène.  [Cela rend difficile d’écrire ou dessiner en discutant (schémas, formules, équations...)]"
"visiopb[fatigue]","Imaginons toujours une réunion d’une journée, située à 2h de votre domicile en voiture. Les problèmes suivants pourraient-ils vous empêcher de privilégier la visioconférence ou l’audioconférence à un déplacement ? Si vous ne conduisez pas, supposez qu’un·e collègue vous emmène.  [C’est plus fatigant à suivre qu’une réunion en présentiel ]"
"solreducrech","La France s’est engagée à réduire d’un tiers ses émissions de gaz à effet de serre d’ici à 2030. Dans ce cadre, pensez-vous que : "
"solreducperso[conf]","Êtes-vous prêt·e à réduire vos émissions de gaz à effet de serre d’ici à 2030 dans les domaines suivants ? On ne tient pas compte ici des réductions que vous avez déjà réalisées par le passé.  [Les vols en avion pour les conférences, réunions, congrès]"
"solreducperso[donnees]","Êtes-vous prêt·e à réduire vos émissions de gaz à effet de serre d’ici à 2030 dans les domaines suivants ? On ne tient pas compte ici des réductions que vous avez déjà réalisées par le passé.  [Les déplacements pour missions de terrain, d’observation ou de collecte de données (en avion, voiture ou bateau)]"
"solreducperso[exp]","Êtes-vous prêt·e à réduire vos émissions de gaz à effet de serre d’ici à 2030 dans les domaines suivants ? On ne tient pas compte ici des réductions que vous avez déjà réalisées par le passé.  [Les expériences et observations scientifiques (hors déplacements)]"
"solreducperso[info]","Êtes-vous prêt·e à réduire vos émissions de gaz à effet de serre d’ici à 2030 dans les domaines suivants ? On ne tient pas compte ici des réductions que vous avez déjà réalisées par le passé.  [L’équipement en postes informatiques et sa fréquence de renouvellement]"
"solreducperso[domicile]","Êtes-vous prêt·e à réduire vos émissions de gaz à effet de serre d’ici à 2030 dans les domaines suivants ? On ne tient pas compte ici des réductions que vous avez déjà réalisées par le passé.  [Les déplacements domicile-travail en voiture, moto, scooter ou avion]"
"solreducmateriel[util]","Êtes-vous prêt·e à réduire d’ici à 2030 les émissions de gaz à effet de serre liées à la fabrication et au fonctionnement du matériel destiné à vos expériences et observations scientifiques, par les moyens suivants ?  [En l’utilisant moins fréquemment ou moins intensivement]"
"solreducmateriel[lowtech]","Êtes-vous prêt·e à réduire d’ici à 2030 les émissions de gaz à effet de serre liées à la fabrication et au fonctionnement du matériel destiné à vos expériences et observations scientifiques, par les moyens suivants ?  [En utilisant ou en développant des dispositifs plus simples (low tech)]"
"solreducmateriel[moins]","Êtes-vous prêt·e à réduire d’ici à 2030 les émissions de gaz à effet de serre liées à la fabrication et au fonctionnement du matériel destiné à vos expériences et observations scientifiques, par les moyens suivants ?  [En utilisant moins d’équipements dans les dispositifs expérimentaux]"
"solreducmateriel[renouv]","Êtes-vous prêt·e à réduire d’ici à 2030 les émissions de gaz à effet de serre liées à la fabrication et au fonctionnement du matériel destiné à vos expériences et observations scientifiques, par les moyens suivants ?  [En renouvelant le matériel moins fréquemment]"
"solrisqreducmateriel[qual]","Selon vous, quels seraient les risques liés à une politique de réduction des émissions de gaz à effet de serre liées à la fabrication et au fonctionnement du matériel destiné aux expériences et aux observations scientifiques ?  [Diminuer la qualité de vos travaux (ou ceux de votre équipe)]"
"solrisqreducmateriel[themes]","Selon vous, quels seraient les risques liés à une politique de réduction des émissions de gaz à effet de serre liées à la fabrication et au fonctionnement du matériel destiné aux expériences et aux observations scientifiques ?  [Vous imposer un changement de thèmes de recherche]"
"solrisqreducmateriel[fin]","Selon vous, quels seraient les risques liés à une politique de réduction des émissions de gaz à effet de serre liées à la fabrication et au fonctionnement du matériel destiné aux expériences et aux observations scientifiques ?  [Réduire votre accès aux financements]"
"solrisqreducmateriel[retard]","Selon vous, quels seraient les risques liés à une politique de réduction des émissions de gaz à effet de serre liées à la fabrication et au fonctionnement du matériel destiné aux expériences et aux observations scientifiques ?  [Vous faire prendre du retard par rapport aux équipes concurrentes]"
"solrisqreducmateriel[publi]","Selon vous, quels seraient les risques liés à une politique de réduction des émissions de gaz à effet de serre liées à la fabrication et au fonctionnement du matériel destiné aux expériences et aux observations scientifiques ?  [Réduire votre nombre de publications]"
"solrisqreducavion[qual]","Selon vous, quels seraient les risques liés à la mise en place d’une politique de réduction des vols professionnels en avion dans la recherche ?  [Diminuer la qualité de vos travaux (ou ceux de votre équipe)]"
"solrisqreducavion[fin]","Selon vous, quels seraient les risques liés à la mise en place d’une politique de réduction des vols professionnels en avion dans la recherche ?  [Réduire votre accès aux financements]"
"solrisqreducavion[diffusion]","Selon vous, quels seraient les risques liés à la mise en place d’une politique de réduction des vols professionnels en avion dans la recherche ?  [Diminuer la diffusion de vos travaux (ou ceux de votre équipe)]"
"solrisqreducavion[donnees]","Selon vous, quels seraient les risques liés à la mise en place d’une politique de réduction des vols professionnels en avion dans la recherche ?  [Vous gêner pour l’accès à certains terrains ou la collecte/production de certaines données]"
"solrisqreducavion[avantages]","Selon vous, quels seraient les risques liés à la mise en place d’une politique de réduction des vols professionnels en avion dans la recherche ?  [Réduire certains avantages que vous apporte votre métier (comme voyager et découvrir d’autres pays...)]"
"solrisqreducavion[isoler]","Selon vous, quels seraient les risques liés à la mise en place d’une politique de réduction des vols professionnels en avion dans la recherche ?  [Isoler la recherche française du reste du monde]"
"solrisqreducavion[insertion]","Selon vous, quels seraient les risques liés à la mise en place d’une politique de réduction des vols professionnels en avion dans la recherche ?  [Gêner l’insertion des jeunes chercheurs]"
"solrisqreducavion[bureaucratie]","Selon vous, quels seraient les risques liés à la mise en place d’une politique de réduction des vols professionnels en avion dans la recherche ?  [Accroître la bureaucratie (application des règles, critères d’évaluation…)]"
"solinstit[train]","Quelles actions les institutions et laboratoires de recherche devraient-ils mettre en œuvre pour réduire leurs émissions de gaz à effet de serre ?  [Financer le train même lorsque c’est plus cher ou allonge la durée de la mission]"
"solinstit[compensation]","Quelles actions les institutions et laboratoires de recherche devraient-ils mettre en œuvre pour réduire leurs émissions de gaz à effet de serre ?  [Financer des initiatives de compensation carbone]"
"solinstit[bilanges]","Quelles actions les institutions et laboratoires de recherche devraient-ils mettre en œuvre pour réduire leurs émissions de gaz à effet de serre ?  [Dresser et diffuser régulièrement des bilans carbone/de gaz à effet de serre détaillés]"
"solinstit[limitevols]","Quelles actions les institutions et laboratoires de recherche devraient-ils mettre en œuvre pour réduire leurs émissions de gaz à effet de serre ?  [Imposer une limite au nombre de vols en avion par personne]"
"solinstit[selection]","Quelles actions les institutions et laboratoires de recherche devraient-ils mettre en œuvre pour réduire leurs émissions de gaz à effet de serre ?  [Ajouter les émissions de gaz à effet de serre parmi les principaux critères de sélection des projets à financer]"
"solinstit[conf]","Quelles actions les institutions et laboratoires de recherche devraient-ils mettre en œuvre pour réduire leurs émissions de gaz à effet de serre ?  [Diminuer le poids des conférences et présentations à l’étranger dans les évaluations de carrière]"
"solinstit[vols6h]","Quelles actions les institutions et laboratoires de recherche devraient-ils mettre en œuvre pour réduire leurs émissions de gaz à effet de serre ?  [Proscrire les vols en avion lorsque le trajet en train prend moins de 6 heures]"
"solinstit[info]","Quelles actions les institutions et laboratoires de recherche devraient-ils mettre en œuvre pour réduire leurs émissions de gaz à effet de serre ?  [Ne pas renouveler le matériel informatique qui fonctionne avant un minimum de 5 ans d’ancienneté]"
"solinstit[equip]","Quelles actions les institutions et laboratoires de recherche devraient-ils mettre en œuvre pour réduire leurs émissions de gaz à effet de serre ?  [Lors du renouvellement des équipements, privilégier ceux qui consomment moins d’énergie même s’ils sont plus coûteux]"
"solinstit[vege]","Quelles actions les institutions et laboratoires de recherche devraient-ils mettre en œuvre pour réduire leurs émissions de gaz à effet de serre ?  [Lors de l’organisation d’événements, favoriser les prestataires proposant des menus locaux ou végétariens]"
"solcovoit","Si le covoiturage était organisé à l’échelle de votre laboratoire ou plus largement de votre site, seriez-vous prêt·e à y recourir pour vos trajets domicile-travail ? "
"dixannees[bilan]","Au cours des 10 dernières années, avez-vous déjà...  [Calculé tout ou partie de vos émissions de gaz à effet de serre (bilan carbone)]"
"dixannees[giec]","Au cours des 10 dernières années, avez-vous déjà...  [Consulté un rapport du Groupe d’experts intergouvernemental sur l’évolution du climat (GIEC) ou un résumé (hors article de presse)]"
"dixannees[asso]","Au cours des 10 dernières années, avez-vous déjà...  [Adhéré ou fait un don à une association de défense de l’environnement]"
"dixannees[marche]","Au cours des 10 dernières années, avez-vous déjà...  [Participé à une marche pour le climat]"
"dixannees[vote]","Au cours des 10 dernières années, avez-vous déjà...  [Accordé une importance déterminante à l’écologie dans un vote]"
"avionperso","Combien avez-vous réalisé de vols aller-retour en avion en 2019 dans un cadre personnel ?"
"avionpersochgt","Avez-vous, dans les 5 dernières années, changé vos pratiques en matière de déplacements en avion dans un cadre personnel ?"
"effortsconso","Au cours des 5 dernières années, avez-vous, pour des raisons environnementales, fait des efforts pour réduire ou maintenir basse votre consommation personnelle de certains éléments de la liste suivante : vêtements, viande, équipements high-tech, énergie nécessaire au chauffage de votre logement ?"
"opinionecolo[techno]","A quel point êtes-vous d’accord avec les affirmations suivantes ? [La plupart des problèmes environnementaux peuvent être résolus par le développement de technologies plus performantes]"
"opinionecolo[proteger]","A quel point êtes-vous d’accord avec les affirmations suivantes ? [Protéger l’environnement est plus important que protéger la croissance économique]"
"opinionecolo[efforts]","A quel point êtes-vous d’accord avec les affirmations suivantes ? [Il ne sert à rien que je fasse des efforts pour l'environnement si les autres ne font pas de même]"
"opinionecolo[contraintes]","A quel point êtes-vous d’accord avec les affirmations suivantes ? [Je suis d’accord pour que des contraintes réglementaires (quotas, interdictions) soient mises en place pour protéger l’environnement, même si cela limite mon confort]"
"opinionecolo[decroissance]","A quel point êtes-vous d’accord avec les affirmations suivantes ? [La décroissance est nécessaire pour faire face aux enjeux environnementaux]"
"opinionecolo[cata]","A quel point êtes-vous d’accord avec les affirmations suivantes ? [Si les choses continuent au rythme actuel, nous allons bientôt vivre une catastrophe écologique majeure]"
"opinionecolo[effondrement]","A quel point êtes-vous d’accord avec les affirmations suivantes ? [Ce type de catastrophe pourrait provoquer un effondrement de nos sociétés : les besoins de base (alimentation, énergie, santé, etc.) ne seront plus assurés pour la majorité de la population]"
"projets[anr_m]","Participez-vous à un ou plusieurs projets de recherche disposant d’un financement dédié (c’est-à-dire autre que les fonds propres de votre institution) ? [Agence nationale de la recherche (ANR)][Oui, comme membre]"
"projets[anr_r]","Participez-vous à un ou plusieurs projets de recherche disposant d’un financement dédié (c’est-à-dire autre que les fonds propres de votre institution) ? [Agence nationale de la recherche (ANR)][Oui, comme (co-)responsable]"
"projets[anr_n]","Participez-vous à un ou plusieurs projets de recherche disposant d’un financement dédié (c’est-à-dire autre que les fonds propres de votre institution) ? [Agence nationale de la recherche (ANR)][Non]"
"projets[france_m]","Participez-vous à un ou plusieurs projets de recherche disposant d’un financement dédié (c’est-à-dire autre que les fonds propres de votre institution) ? [Autre financement public français][Oui, comme membre]"
"projets[france_r]","Participez-vous à un ou plusieurs projets de recherche disposant d’un financement dédié (c’est-à-dire autre que les fonds propres de votre institution) ? [Autre financement public français][Oui, comme (co-)responsable]"
"projets[france_n]","Participez-vous à un ou plusieurs projets de recherche disposant d’un financement dédié (c’est-à-dire autre que les fonds propres de votre institution) ? [Autre financement public français][Non]"
"projets[europe_m]","Participez-vous à un ou plusieurs projets de recherche disposant d’un financement dédié (c’est-à-dire autre que les fonds propres de votre institution) ? [Financement européen (European Research Council (ERC), H2020, etc.)][Oui, comme membre]"
"projets[europe_r]","Participez-vous à un ou plusieurs projets de recherche disposant d’un financement dédié (c’est-à-dire autre que les fonds propres de votre institution) ? [Financement européen (European Research Council (ERC), H2020, etc.)][Oui, comme (co-)responsable]"
"projets[europe_n]","Participez-vous à un ou plusieurs projets de recherche disposant d’un financement dédié (c’est-à-dire autre que les fonds propres de votre institution) ? [Financement européen (European Research Council (ERC), H2020, etc.)][Non]"
"projets[inter_m]","Participez-vous à un ou plusieurs projets de recherche disposant d’un financement dédié (c’est-à-dire autre que les fonds propres de votre institution) ? [Autre financement public international][Oui, comme membre]"
"projets[inter_r]","Participez-vous à un ou plusieurs projets de recherche disposant d’un financement dédié (c’est-à-dire autre que les fonds propres de votre institution) ? [Autre financement public international][Oui, comme (co-)responsable]"
"projets[inter_n]","Participez-vous à un ou plusieurs projets de recherche disposant d’un financement dédié (c’est-à-dire autre que les fonds propres de votre institution) ? [Autre financement public international][Non]"
"projets[prive_m]","Participez-vous à un ou plusieurs projets de recherche disposant d’un financement dédié (c’est-à-dire autre que les fonds propres de votre institution) ? [Financement privé (y compris fondation privée)][Oui, comme membre]"
"projets[prive_r]","Participez-vous à un ou plusieurs projets de recherche disposant d’un financement dédié (c’est-à-dire autre que les fonds propres de votre institution) ? [Financement privé (y compris fondation privée)][Oui, comme (co-)responsable]"
"projets[prive_n]","Participez-vous à un ou plusieurs projets de recherche disposant d’un financement dédié (c’est-à-dire autre que les fonds propres de votre institution) ? [Financement privé (y compris fondation privée)][Non]"
"international[poste]","Votre rapport à l’international :  Que vous soyez français·e ou étranger·e, les questions vous concernent telles quelles : par exemple, que vous soyez français·e ou italien·ne, si vous avez grandi en Italie, répondez que vous avez bien effectué votre scolarité hors de France.  [Votre poste principal en juin 2020 était-il hors de France ?]"
"international[naiss]","Votre rapport à l’international :  Que vous soyez français·e ou étranger·e, les questions vous concernent telles quelles : par exemple, que vous soyez français·e ou italien·ne, si vous avez grandi en Italie, répondez que vous avez bien effectué votre scolarité hors de France.  [Êtes-vous né·e dans un pays étranger ?]"
"international[natio]","Votre rapport à l’international :  Que vous soyez français·e ou étranger·e, les questions vous concernent telles quelles : par exemple, que vous soyez français·e ou italien·ne, si vous avez grandi en Italie, répondez que vous avez bien effectué votre scolarité hors de France.  [Avez-vous une nationalité étrangère (y compris double nationalité) ?]"
"international[scol]","Votre rapport à l’international :  Que vous soyez français·e ou étranger·e, les questions vous concernent telles quelles : par exemple, que vous soyez français·e ou italien·ne, si vous avez grandi en Italie, répondez que vous avez bien effectué votre scolarité hors de France.  [Avez-vous suivi au moins un an de votre scolarité primaire ou secondaire hors de France ?]"
"international[etudes]","Votre rapport à l’international :  Que vous soyez français·e ou étranger·e, les questions vous concernent telles quelles : par exemple, que vous soyez français·e ou italien·ne, si vous avez grandi en Italie, répondez que vous avez bien effectué votre scolarité hors de France.  [Avez-vous étudié (études supérieures) au moins trois mois hors de France ?]"
"international[postdoc]","Votre rapport à l’international :  Que vous soyez français·e ou étranger·e, les questions vous concernent telles quelles : par exemple, que vous soyez français·e ou italien·ne, si vous avez grandi en Italie, répondez que vous avez bien effectué votre scolarité hors de France.  [Avez-vous fait un ou plusieurs post-docs hors de France ?]"
"international[travail]","Votre rapport à l’international :  Que vous soyez français·e ou étranger·e, les questions vous concernent telles quelles : par exemple, que vous soyez français·e ou italien·ne, si vous avez grandi en Italie, répondez que vous avez bien effectué votre scolarité hors de France.  [Avez-vous travaillé (dans l’enseignement et/ou la recherche mais hors post-doc) au moins trois mois hors de France ?]"
"international[prog]","Votre rapport à l’international :  Que vous soyez français·e ou étranger·e, les questions vous concernent telles quelles : par exemple, que vous soyez français·e ou italien·ne, si vous avez grandi en Italie, répondez que vous avez bien effectué votre scolarité hors de France.  [Êtes-vous actuellement engagé·e dans un programme de recherche international ?]"
"international[asso]","Votre rapport à l’international :  Que vous soyez français·e ou étranger·e, les questions vous concernent telles quelles : par exemple, que vous soyez français·e ou italien·ne, si vous avez grandi en Italie, répondez que vous avez bien effectué votre scolarité hors de France.  [Êtes-vous activement impliqué·e (animation, bureau…) dans une association professionnelle non française ou internationale ?]"
"nbpublis","Depuis 2017 inclus, combien avez-vous approximativement publié d’articles (en tant qu’auteur·e ou ou co-auteur·e) dans des revues à comité de lecture ?"
"nbpublisang","Parmi ces articles, combien approximativement ont été publiés en langue anglaise ? "
"hindexconn","Connaissez-vous approximativement votre h-index?"
"hindex","Pouvez-vous indiquer la valeur approximative de votre h-index ?"
"these","Êtes-vous titulaire d’une thèse de doctorat ?"
"theseannee","En quelle année l'avez-vous soutenue ?"
"carriere","Êtes-vous à un moment de votre carrière où vous cherchez à être promu, recruté ou titularisé ?"
"paie","Avez vous le sentiment d’être..."
"tpsplein","Êtes-vous actuellement employé·e à plein temps ?"
"tpsquotite","Quelle est votre quotité ?"
"conge","Au cours des 3 dernières années, avez-vous interrompu votre activité de recherche (en raison d’un congé maternité, congé maladie, mise en disponibilité) pour une durée supérieure à 3 mois ?"
"couple","Vivez-vous en couple ?"
"enfantsnb","Combien avez-vous d’enfants ?"
"enfantsage","Quel est l’âge du plus jeune ? "
"dippar[m]","Quel est le diplôme le plus élevé détenu par vos parents ? [Mère]"
"dippar[p]","Quel est le diplôme le plus élevé détenu par vos parents ? [Père]"
"statutpar[m]","Quand vous aviez 18 ans, quel était le statut d’emploi de vos parents ?  [Mère]"
"statutpar[p]","Quand vous aviez 18 ans, quel était le statut d’emploi de vos parents ?  [Père]"
"revenu","Si vous additionnez toutes les sources de revenus de votre foyer, pouvez-vous indiquer le montant du revenu mensuel net après impôts et prélèvement à la source de votre ménage en 2019 ? Tenir compte de toutes les rentrées d’argent de toutes les personnes de votre foyer : salaires et revenus professionnels, pensions de retraite, allocations diverses, produits éventuels de propriétés ou placements financiers, etc."
"communes[SaisieVille]","Les deux questions suivantes nous permettront de calculer la taille de l’agglomération, le type de commune (rural/urbain) ainsi la distance entre votre lieu de résidence et votre lieu de travail. Vous êtes libre de ne pas répondre si vous le désirez. Nous nous engageons à détruire les informations concernant la commune exacte dans un délai d’un an.  [Quelle est votre commune de résidence ?]"
"communes[SaisieVilleTravail]","Les deux questions suivantes nous permettront de calculer la taille de l’agglomération, le type de commune (rural/urbain) ainsi la distance entre votre lieu de résidence et votre lieu de travail. Vous êtes libre de ne pas répondre si vous le désirez. Nous nous engageons à détruire les informations concernant la commune exacte dans un délai d’un an.  [Quelle est la commune où se situe votre lieu de travail ?]"
"recontact","Accepteriez-vous qu’un chercheur/une chercheuse vous recontacte dans quelques mois ou plus pour répondre à d’autres questions sur les thèmes abordés dans ce questionnaire ? "
"recontact[other]","Accepteriez-vous qu’un chercheur/une chercheuse vous recontacte dans quelques mois ou plus pour répondre à d’autres questions sur les thèmes abordés dans ce questionnaire ?  [Autre]"
"commentaires","Commentaires éventuels : "
"quiz","Merci pour votre participation à ce questionnaire. Nous apprécions grandement le temps que vous nous avez consacré.      Nous vous proposons de finir par un petit quiz ! Sauriez-vous estimer les émissions de gaz à effet de serre de différentes pratiques professionnelles ? Les bonnes réponses vous seront indiquées juste après l’avoir rempli. "
"quizempreinte","A votre avis, quel niveau devraient atteindre les émissions par habitant de la planète en 2030 pour limiter le réchauffement à +1,5 °C en 2100 ? Pour information, les émissions de gaz à effet de serre par habitant de la planète sont aujourd’hui de 7 tonnes équivalent CO2 par an, et les émissions moyennes d’un·e Français·e de 11 tonnes (empreinte carbone). "
"quizfacteurs[voiture]","Quelle quantité d'émissions de gaz à effet de serre (en kg équivalent CO2) représentent les actions suivantes (sachant que l’empreinte carbone d’un·e Français·e est en moyenne de 30 kg par jour) ?  Indiquez la valeur qui vous semble la plus proche.   [Parcourir pendant un an 50 km en voiture pour aller et revenir du travail (soit environ 12 000 km)]"
"quizfacteurs[avion]","Quelle quantité d'émissions de gaz à effet de serre (en kg équivalent CO2) représentent les actions suivantes (sachant que l’empreinte carbone d’un·e Français·e est en moyenne de 30 kg par jour) ?  Indiquez la valeur qui vous semble la plus proche.   [Faire un aller-retour Paris – New York en avion (soit environ 12 000 km) ]"
"quizfacteurs[TGV]","Quelle quantité d'émissions de gaz à effet de serre (en kg équivalent CO2) représentent les actions suivantes (sachant que l’empreinte carbone d’un·e Français·e est en moyenne de 30 kg par jour) ?  Indiquez la valeur qui vous semble la plus proche.   [Faire un aller-retour Paris-Marseille en TGV]"
"quizfacteurs[ordi]","Quelle quantité d'émissions de gaz à effet de serre (en kg équivalent CO2) représentent les actions suivantes (sachant que l’empreinte carbone d’un·e Français·e est en moyenne de 30 kg par jour) ?  Indiquez la valeur qui vous semble la plus proche.   [Fabriquer un ordinateur portable neuf]"
"quizfacteurs[visio]","Quelle quantité d'émissions de gaz à effet de serre (en kg équivalent CO2) représentent les actions suivantes (sachant que l’empreinte carbone d’un·e Français·e est en moyenne de 30 kg par jour) ?  Indiquez la valeur qui vous semble la plus proche.   [Faire 3 heures de visioconférence avec votre ordinateur (pour une personne)]"
"quizfacteurs[these]","Quelle quantité d'émissions de gaz à effet de serre (en kg équivalent CO2) représentent les actions suivantes (sachant que l’empreinte carbone d’un·e Français·e est en moyenne de 30 kg par jour) ?  Indiquez la valeur qui vous semble la plus proche.   [Imprimer une thèse de 200 pages en 10 exemplaires, recto-verso]"
"quizfacteurs[steak]","Quelle quantité d'émissions de gaz à effet de serre (en kg équivalent CO2) représentent les actions suivantes (sachant que l’empreinte carbone d’un·e Français·e est en moyenne de 30 kg par jour) ?  Indiquez la valeur qui vous semble la plus proche.   [Produire un steak de bœuf de 150 g]"
"interviewtime","Temps total :"
"groupTime176","Durée pour le groupe : Informations générales"
"tiragemoduleTime","Durée pour la question: tiragemodule"
"sexeTime","Durée pour la question: sexe"
"ageTime","Durée pour la question: age"
"doctoTime","Durée pour la question: docto"
"statutTime","Durée pour la question: statut"
"sitproTime","Durée pour la question: sitpro"
"rechpubTime","Durée pour la question: rechpub"
"disciplineTime","Durée pour la question: discipline"
"bapTime","Durée pour la question: bap"
"disciplineitaTime","Durée pour la question: disciplineita"
"employeurTime","Durée pour la question: employeur"
"tutellesTime","Durée pour la question: tutelles"
"groupTime178","Durée pour le groupe : Votre position vis-à-vis de l’environnement et de la recherche"
"changclimTime","Durée pour la question: changclim"
"acthumTime","Durée pour la question: acthum"
"preoccupeTime","Durée pour la question: preoccupe"
"pluspreoccupeTime","Durée pour la question: pluspreoccupe"
"rechecoTime","Durée pour la question: recheco"
"themrechTime","Durée pour la question: themrech"
"chgtpratiqueTime","Durée pour la question: chgtpratique"
"groupTime179","Durée pour le groupe : Vos pratiques et celles de votre laboratoire (gestion des équipements, de l’énergie, etc.)"
"labopratiquesTime","Durée pour la question: labopratiques"
"labomesuresTime","Durée pour la question: labomesures"
"individupratiquesTime","Durée pour la question: individupratiques"
"ordisTime","Durée pour la question: ordis"
"chgtordiTime","Durée pour la question: chgtordi"
"reliquatTime","Durée pour la question: reliquat"
"materielTime","Durée pour la question: materiel"
"solevolgesTime","Durée pour la question: solevolges"
"groupTime180","Durée pour le groupe : Vos transports à des fins professionnelles"
"volsnbTime","Durée pour la question: volsnb"
"volshTime","Durée pour la question: volsh"
"vols2ansTime","Durée pour la question: vols2ans"
"volstexteTime","Durée pour la question: volstexte"
"volstextevideTime","Durée pour la question: volstextevide"
"volstextedepartTime","Durée pour la question: volstextedepart"
"volstextearriveeTime","Durée pour la question: volstextearrivee"
"volstextejoursTime","Durée pour la question: volstextejours"
"volstextemotifTime","Durée pour la question: volstextemotif"
"volstextemotifsecTime","Durée pour la question: volstextemotifsec"
"volstextenbTime","Durée pour la question: volstextenb"
"volstitre1Time","Durée pour la question: volstitre1"
"volsdepart1Time","Durée pour la question: volsdepart1"
"volsarrivee1Time","Durée pour la question: volsarrivee1"
"volsjours1Time","Durée pour la question: volsjours1"
"volsmotif1Time","Durée pour la question: volsmotif1"
"volsmotifsec1Time","Durée pour la question: volsmotifsec1"
"volsnb1Time","Durée pour la question: volsnb1"
"volstexte2Time","Durée pour la question: volstexte2"
"volsdepart2Time","Durée pour la question: volsdepart2"
"volsarrivee2Time","Durée pour la question: volsarrivee2"
"volsjours2Time","Durée pour la question: volsjours2"
"volsmotif2Time","Durée pour la question: volsmotif2"
"volsmotifsec2Time","Durée pour la question: volsmotifsec2"
"volsnb2Time","Durée pour la question: volsnb2"
"volstexte3Time","Durée pour la question: volstexte3"
"volsdepart3Time","Durée pour la question: volsdepart3"
"volsarrivee3Time","Durée pour la question: volsarrivee3"
"volsjours3Time","Durée pour la question: volsjours3"
"volsmotif3Time","Durée pour la question: volsmotif3"
"volsmotifsec3Time","Durée pour la question: volsmotifsec3"
"volsnb3Time","Durée pour la question: volsnb3"
"volstexte4Time","Durée pour la question: volstexte4"
"volsdepart4Time","Durée pour la question: volsdepart4"
"volsarrivee4Time","Durée pour la question: volsarrivee4"
"volsjours4Time","Durée pour la question: volsjours4"
"volsmotif4Time","Durée pour la question: volsmotif4"
"volsmotifsec4Time","Durée pour la question: volsmotifsec4"
"volsnb4Time","Durée pour la question: volsnb4"
"volstexte5Time","Durée pour la question: volstexte5"
"volsdepart5Time","Durée pour la question: volsdepart5"
"volsarrivee5Time","Durée pour la question: volsarrivee5"
"volsjours5Time","Durée pour la question: volsjours5"
"volsmotif5Time","Durée pour la question: volsmotif5"
"volsmotifsec5Time","Durée pour la question: volsmotifsec5"
"volsnb5Time","Durée pour la question: volsnb5"
"volspremiumTime","Durée pour la question: volspremium"
"aviontrainTime","Durée pour la question: aviontrain"
"aviontrainraisonsTime","Durée pour la question: aviontrainraisons"
"trainavionTime","Durée pour la question: trainavion"
"confTime","Durée pour la question: conf"
"conffoisTime","Durée pour la question: conffois"
"apportconfTime","Durée pour la question: apportconf"
"renoncedepTime","Durée pour la question: renoncedep"
"joursdomicileTime","Durée pour la question: joursdomicile"
"textedomtravTime","Durée pour la question: textedomtrav"
"tpsdomtravTime","Durée pour la question: tpsdomtrav"
"covoitpqpasTime","Durée pour la question: covoitpqpas"
"covoitquiTime","Durée pour la question: covoitqui"
"groupTime181","Durée pour le groupe : La visioconférence et l’audioconférence"
"visioavtconfTime","Durée pour la question: visioavtconf"
"visiopdtconfTime","Durée pour la question: visiopdtconf"
"visiousagesTime","Durée pour la question: visiousages"
"visioapresconfTime","Durée pour la question: visioapresconf"
"visioprivilegieeTime","Durée pour la question: visioprivilegiee"
"visiopbTime","Durée pour la question: visiopb"
"groupTime182","Durée pour le groupe : Les solutions concrètes dans la recherche"
"solreducrechTime","Durée pour la question: solreducrech"
"solreducpersoTime","Durée pour la question: solreducperso"
"solreducmaterielTime","Durée pour la question: solreducmateriel"
"solrisqreducmaterielTime","Durée pour la question: solrisqreducmateriel"
"solrisqreducavionTime","Durée pour la question: solrisqreducavion"
"solinstitTime","Durée pour la question: solinstit"
"solcovoitTime","Durée pour la question: solcovoit"
"groupTime183","Durée pour le groupe : Votre positionnement personnel par rapport à l’écologie en général"
"dixanneesTime","Durée pour la question: dixannees"
"avionpersoTime","Durée pour la question: avionperso"
"avionpersochgtTime","Durée pour la question: avionpersochgt"
"effortsconsoTime","Durée pour la question: effortsconso"
"opinionecoloTime","Durée pour la question: opinionecolo"
"groupTime177","Durée pour le groupe : Informations concernant votre activité et votre situation personnelle"
"projetsTime","Durée pour la question: projets"
"internationalTime","Durée pour la question: international"
"nbpublisTime","Durée pour la question: nbpublis"
"nbpublisangTime","Durée pour la question: nbpublisang"
"hindexconnTime","Durée pour la question: hindexconn"
"hindexTime","Durée pour la question: hindex"
"theseTime","Durée pour la question: these"
"theseanneeTime","Durée pour la question: theseannee"
"carriereTime","Durée pour la question: carriere"
"paieTime","Durée pour la question: paie"
"tpspleinTime","Durée pour la question: tpsplein"
"tpsquotiteTime","Durée pour la question: tpsquotite"
"congeTime","Durée pour la question: conge"
"coupleTime","Durée pour la question: couple"
"enfantsnbTime","Durée pour la question: enfantsnb"
"enfantsageTime","Durée pour la question: enfantsage"
"dipparTime","Durée pour la question: dippar"
"statutparTime","Durée pour la question: statutpar"
"revenuTime","Durée pour la question: revenu"
"communesTime","Durée pour la question: communes"
"recontactTime","Durée pour la question: recontact"
"commentairesTime","Durée pour la question: commentaires"
"quizTime","Durée pour la question: quiz"
"quizempreinteTime","Durée pour la question: quizempreinte"
"quizfacteursTime","Durée pour la question: quizfacteurs"
