Prishtina,Pristina
Brussels,Bruxelles
Dresden,Dresde
Frankfurt am Main,Francfort-sur-le-Main
Hamburg,Hambourg
Hannover,Hanovre
Bremen,Brême
London,Londres/London
Copenhagen,Copenhague
Gdańsk,Dantzig
Kraków,Cracovie
Warsaw,Varsovie
Barcelona,Barcelone
Palma De Mallorca,Palma de Majorque
Santiago de Compostela,Saint-Jacques de Compostelle
Athens,Athènes
Thessaloniki,Thessalonique
Catania,Catane
Palermo,Palerme
Cagliari,Caglier
Bergamo,Bergame
Torino,Turin
Genova,Gênes
Bologna,Bologne
Treviso,Trévise
Verona,Vérone
Venice,Venise
Nápoli,Naples
Pisa,Pise
Valletta,La Vallette
Vienna,Vienne
Lisbon,Lisbonne
Bucharest,Bucarest
Geneva,Genève
St. Petersburg,Saint Pétersbourg
Sochi,Sotchi
Moscow,Moscou
,
Algiers,Alger
Luxor,Louxor
Santo Domingo,Saint Domingue
Kuwait City,Koweit City
Beirut,Beyrouth
Abu Dhabi,Abou Dabi
Baghdad,Bagdad
Basrah,Bassorah
Aleppo,Alep
Damascus,Damas
Latakia,Lattaquié
Busan,Busan/Pusan
Manila,Manille
Bishkek,Bichkek
Baku,Bakou
Yerevan,Erevan
Tbilisi,Tbilissi
Krasnoyarsk,Krasnoïarsk
Novosibirsk,Novossibirsk
Rostov-on-Don,Rostov-sur-le-Don
Sochi,Sotchi
Yekaterinburg,Iekaterinbourg
Ashgabat,Achgabat
Tashkent,Tachkent
Moscow,Moscou
Mumbai,Bombay/Mumbay
Kathmandu,Katmandou
Ho Chi Minh City,Ho-Chi-Minh-Ville/Saïgon
Jakarta,Jakarta/Djakarta
Singapore,Singapour
Beijing,Pékin/Beijing
Guangzhou,Canton
Ulan Bator,Oulan-Bator
New Orleans,Nouvelle Orléans
